<?xml version="1.0" encoding="UTF-8"?>
 
<!DOCTYPE struts PUBLIC
"-//Apache Software Foundation//DTD Struts Configuration 2.0//EN"
"http://struts.apache.org/dtds/struts-2.0.dtd">
 
<struts>
    <include file="struts-default.xml"/>
    <package name="a" extends="struts-default">
        <action name="verify" class="java4s.LogingEx">
            <result name="success">/success.jsp</result>
            <result name="error">/error.jsp</result>
            <result name="input">/index.jsp</result>
        </action>
    </package>
</struts>