<!DOCTYPE struts PUBLIC
"-//Apache Software Foundation//DTD Struts Configuration 2.0//EN"
"http://struts.apache.org/dtds/struts-2.0.dtd">

<struts>
	<package name="default" extends="hibernate-default">
		<action name="addUser" method="add" class="com.vaannila.web.UserAction">
			<result name="success" type="redirect">listUser</result>
		</action>
		<action name="listUser" method="list" class="com.vaannila.web.UserAction">
			<result name="success">/register.jsp</result>
		</action>
	</package>
</struts>